«· —»Ì… «·œÌ‰Ì… «·√”·«„Ì… «·Ã“¡ «·À«‰Ì ,Reception
Developing Science PB - Term 1 & 2,Year 1
Developing Science WB - Term 1 & 2,Year 1
Digital Kids - Starter,Year 1
English for Cambridge Primary 1,Year 1
English for Cambridge Primary 1 - Workbook,Year 1
Funny Fish - Term 2,Year 1
Funny Fish - Workbook -Term 2,Year 1
Junior lllusrated Dictionary PB,Year 1
L'amitie - Le cahier d'exercices 1,Year 1
L'amitie - Le Livre 1,Year 1
School Publications,Year 1
The Little Egg - Term 1,Year 1
The Little Egg -Workbook -Term 1,Year 1
Morris plays Hide & Seek ,Year 2
Morris plays Hide & Seek- Workbook,Year 2
Digital kids - Explorer,Year 2
Africa's Big Three,Year 2
Africa's Big Three- Workbook,Year 2
Developing Science PB,Year 2
Developing Science WB,Year 2
English for Cambridge Primary 2,Year 2
English for Cambridge Primary 2 - Workbook,Year 2
L'amitie - Le Livre 2,Year 2
L'amitie - Le cahier d'exercices 2,Year 2
School Books + Publications,Year 2
The Pet Detectives: The Ball Burglary,Year 3
The Pet Detectives: The Ball Burglary-Workbook,Year 3
Class Six & the very Big Rabbit,Year 3
Class Six & the very Big Rabbit-Workbook,Year 3
Digital Kids - Racer,Year 3
English for Cambridge Primary 3,Year 3
English for Cambridge Primary 3 - Workbook,Year 3
Developing Science PB,Year 3
Developing Science WB,Year 3
L'amitie - Le Livre 3,Year 3
L'amitie - Le cahier d'exercices 3,Year 3
School Books + Publications,Year 3
Concise School Dictionary ,Year 4
Harry & an Electrical Problem-with CD,Year 4
The Jungle Book- with CD,Year 4
English for Cambridge Primary 4,Year 4
English for Cambridge Primary4  - Workbook,Year 4
Digital Kids - Flyer,Year 4
L'amitie - Le Livre 4,Year 4
L'amitie - Le cahier d'exercices 4,Year 4
School Books + Publications,Year 4
The Railway Children,Year 5
Adventure at Haydon Point,Year 5
English for Cambridge Primary 5,Year 5
English for Cambridge Primary 5 - Workbook,Year 5
Digital Kids - Genius,Year 5
L'amitie - Le Livre 5,Year 5
L'amitie - Le cahier d'exercices 5,Year 5
School Books + Publications,Year 5
The Call of the Wild+ CD,Year 6
Robin Hood,Year 6
Way Ahead 6 PB,Year 6
Way Ahead 6 WB,Year 6
English for Cambridge Primary 6,Year 6
English for Cambridge Primary 6 - Workbook,Year 6
Digital Kids - Expert,Year 6
L'amitie - Le Livre 6,Year 6
L'amitie - Le cahier d'exercices 6,Year 6
School Publications,Year 6
Oxford Dictionary,Prep 1
Round the World in 80 Days,Prep 1
Sea of Whispers,Prep 1
English International Approch 1 PB ,Prep 1
English International Approch 1 WB,Prep 1
Jus d'orange 2 - Livre,Prep 1
Jus d'orange 2 - Exercices,Prep 1
School Publications,Prep 1
English International Approch 2 PB,Prep 2
English International Approch 2 WB,Prep 2
A Tale of two Cities,Prep 2
If you Were Me,Prep 2
Vite! 1 - Livre de L'eleve,Prep 2
School Publications,Prep 2
Complete English for Cambridge Secondary 1 Book 9,Prep 3
Complete English for Cambridge Secondary 1W.Book 9,Prep 3
Tales from Shaksepeare,Prep 3
Novel: The Weirdstone of Brisingamen,Prep 3
Essentiel et plisÖ1 - Livre,Prep 3
Essentiel et plisÖ1 - Cahier,Prep 3
School Publications,Prep 3
Junior lllustarted Dictionary PB,CIS 1
Busy Ant Maths- Activity book 1A,CIS 1
Busy Ant Maths- Activity book 1B,CIS 1
Busy Ant Maths- Activity book 1C,CIS 1
International Primary Science 1,CIS 1
International Primary Geography 1,CIS 1
International Primary Geography- Workbook 1,CIS 1
Treasure House - YEAR 1 COMPREHENSION ,CIS 1
Treasure House ó YEAR 1 COMPOSITION ,CIS 1
Treasure House ó YEAR 1 VOCABULARY- GRAMMAR & Pun.,CIS 1
Treasure House ó YEAR 1 SPELLING ,CIS 1
Treasure House ó YEAR 1 Anthology,CIS 1
Percy and the Rabbit,CIS 1
Percy and the Rabbit Workbook,CIS 1
The Fantastic Flying Squirrel ,CIS 1
The Fantastic Flying Squirrel Workbook,CIS 1
I Want A Pet! ,CIS 1
I Want A Pet! Workbook,CIS 1
Francis Facile Livre B,CIS 1
Francis Facile - Activite B,CIS 1
school publications,CIS 1
Treasure House - YEAR 2 COMPREHENSION ,CIS 2
Treasure House ó YEAR 2 COMPOSITION ,CIS 2
Treasure House ó YEAR 2 VOCABULARY- GRAMMAR & Pun.,CIS 2
Treasure House ó YEAR 2 SPELLING ,CIS 2
Treasure House ó YEAR 2 Anthology,CIS 2
Busy Ant Maths- Activity book 2A,CIS 2
Busy Ant Maths- Activity book 2B,CIS 2
Busy Ant Maths- Activity book 2C,CIS 2
International Primary Science 2,CIS 2
International Primary Geography 2,CIS 2
International Primary Geography- Workbook 2,CIS 2
Twinkle- Twinkle- Firefly ,CIS 2
Twinkle- Twinkle- Firefly Workbook,CIS 2
Were They Real? ,CIS 2
Were They Real? Workbook,CIS 2
Francis Facile Livre 1,CIS 2
Francis Facile - Activite 1,CIS 2
school publications,CIS 2
English for Cambridge Primary 3,CIS 3
English for Cambridge Primary 3 - Workbook,CIS 3
Busy Ant Maths - PB 3A,CIS 3
Busy Ant Maths - PB 3B,CIS 3
Busy Ant Maths - PB 3C,CIS 3
International Primary Science 3,CIS 3
International Primary Geography 3,CIS 3
International Primary Geography - Workbook 3,CIS 3
Focus on Grammar and Punctuation - book 1,CIS 3
Francis Facile Livre 2,CIS 3
Francis Facile - Activite 2,CIS 3
Treasur House - Year 3 Spelling,CIS 3
Novel: Danny- The Champion fo the World,CIS 3
Concise School Dictionary ,CIS 4
English for Cambridge Primary 4,CIS 4
English for Cambridge Primary 4 - Workbook,CIS 4
Busy Ant Maths - PB 4A,CIS 4
Busy Ant Maths - PB 4B,CIS 4
Busy Ant Maths - PB 4C,CIS 4
International Primary Science 4,CIS 4
Foucs on Grammar & Punctuation PB 2,CIS 4
International Primary Geography 4,CIS 4
International Primary Geography - Workbook 4,CIS 4
Francis Facile Livre 3,CIS 4
Francis Facile - Activite 3,CIS 4
Treasur House - Year 4 Spelling,CIS 4
Novel: Charlotte's Web ,CIS 4
English for Cambridge Primary 5,CIS 5
English for Cambridge Primary 5 - Workbook,CIS 5
Foucs on Grammar & Punctuation PB 3,CIS 5
Busy Ant Maths - PB 5A,CIS 5
Busy Ant Maths - PB 5B,CIS 5
Busy Ant Maths - PB 5C,CIS 5
International Primary Geography 5,CIS 5
International Primary Geography - Workbook 5,CIS 5
International Primary Science 5,CIS 5
Treasure House ó YEAR 5 SPELLING ,CIS 5
Tip-Top 2,CIS 5
Tip-Top 2 - Cahier,CIS 5
Journy to the River Sea,CIS 5
English for Cambridge Primary 6,CIS 6
English for Cambridge Primary 6 - Workbook,CIS 6
Foucs on Grammar & Punctuation PB 4,CIS 6
Busy Ant Maths - PB 6B,CIS 6
Busy Ant Maths - PB 6C,CIS 6
International Primary Geography 6,CIS 6
International Primary Geography - Workbook 6,CIS 6
Achieve English Practice Questions Level 6,CIS 6
Achieve English Revision Level 6,CIS 6
Achieve Math Practice Questions Level 6,CIS 6
Achieve Math Revision Level 6,CIS 6
Science Study Guide,CIS 6
French: Equipe Nouvelle1,CIS 6
French: Equipe Nouvelle - Cahier d'activites,CIS 6
Science Past papers,CIS 6
Math Past papers,CIS 6
English Past papers,CIS 6
Artemis Fowl,CIS 6
Checkpoint English 1,CIS 7
Checkpoint English 2,CIS 7
Checkpoint English 3,CIS 7
Checkpoint English 1 WorkBook,CIS 7
Checkpoint English 2 WorkBook,CIS 7
Checkpoint English 3 WorkBook ,CIS 7
Checkpoint Maths 1,CIS 7
Checkpoint Maths 2,CIS 7
Checkpoint Maths 3,CIS 7
Checkpoint Maths 1  Workbook,CIS 7
Checkpoint Maths 2  Workbook,CIS 7
Checkpoint Maths 3  Workbook,CIS 7
Checkpoint Science 1 ,CIS 7
Checkpoint Science 2 ,CIS 7
Checkpoint Science 3,CIS 7
Checkpoint Science 1 WorkBook,CIS 7
Checkpoint Science 2 Workbook,CIS 7
Checkpoint Science 3Workbook,CIS 7
Novel: Chasing the Dark,CIS 7
French: Equipe Nouvelle2,CIS 7
French: Equipe Nouvelle 2 - Cahier d'activites,CIS 7
School Books + Publications,CIS 7
Oxford Dictionary,CIS 7
Novel: If You Were Me,CIS 8
Checkpoint Math Revision Guide ,CIS 8
Checkpoint Science Revision Guide ,CIS 8
Checkpoint English Revision Guide ,CIS 8
French: TRIcolore 2,CIS 8
French: TRIcolore 2 - Grammar in Action,CIS 8
Science Past papers,CIS 8
Math Past papers,CIS 8
English Past papers,CIS 8
School Publications,CIS 8
Colours- Shapes and Patterns - L2,KG 1
Let's Find the Letter - Homework booklet,KG 1
Find The Letter - L 1,KG 1
My First Maths - Workbook L 1-2,KG 1
My first Math - Homework - L1,KG 1
My First Numbers - L 1,KG 1
Let's Learn Our Letters - L 1,KG 1
Size and Measurement - L 1-2,KG 1
Rainbow Letter - L 1,KG 1
Arabic H.W L 1-B,KG 1
Arabic H.W L 2 -B,KG 1
More Alphabet - Term 2 ,KG 1
All Alphabet Sheets - Term 2,KG 1
My Maths - Homework - L 2,KG 1
I Know My Letters - HW,KG 1
 Arabic W.B L 1-B,KG 1
 Arabic W.B L 2-B,KG 1
Francais 1 liver ,KG 1
school publications,KG 1
Magical Math HW - L 2,KG 1
Handwriting Practic ,KG 1
«· —»Ì… «·œÌ‰Ì… «·«”·«„Ì… «·Ã“¡ «·√Ê·,KG 1
My First Addition - L 1,KG 2
An Introduction to Grammar - L 1,KG 2
Subtroction - L 1,KG 2
I Can Build a Sentence - L 1,KG 2
Maths Topics - L 2,KG 2
Super Spelling - L 1,KG 2
Learning Numbers - L 1,KG 2
Addition and Subtraction - L-1,KG 2
Arabic WB - Term 1,KG 2
Arabic HW - Term 1,KG 2
Little Conti Writers A,KG 2
Little Conti Writers B,KG 2
Learning Numbers - Level 2,KG 2
Arabic PB - Term2 ,KG 2
Arabic WB - Term 2,KG 2
French - B,KG 2
School Publications,KG 2
My Spelling booklet L1,KG 2
My Spelling booklet L2,KG 2
I Can Build a Sentence - L2,KG 2
Sight Words - L1,KG 2
Sight Words - L2,KG 2
Super Spelling - L 2,KG 2
An Introduction to Grammar L-2,KG 2
«· —»Ì… «·œÌ‰Ì… «·√”·«„Ì… «·Ã“¡ «·À«‰Ì ,KG 2
ABC:  Activity Book without CD,Foundation
Early Year WB (1-4) PK,Foundation
My First Alphabet - Activity Book,Foundation
My First Reading - Activity Book,Foundation
My first Rhyming - Activity Book,Foundation
My First Handwriting - Activity Book,Foundation
First Sticker Dictionary,Foundation
Fun- to-Find - Sticker book,Foundation
Letterland Stories - Level 1,Foundation
Handwriting Practice 1,Foundation
French,Foundation
Arabic H.W L 1-B,Foundation
Arabic H.W L 2 -B,Foundation
Arabic W.B L 1-B,Foundation
Arabic W.B L 2-B,Foundation
Timmy Maths Concepts- Timmy with Numbers Level 1,Foundation
Timmy Maths Concepts- Timmy with Numbers Level 2,Foundation
Timmy TortoiseHomework - Timmy Counting Term 1,Foundation
Timmy TortoiseHomework - Timmy Counting Term 2,Foundation
Timmy Maths- Colour- Shapes & Measures ,Foundation
School Publications ,Foundation
«· —»Ì… «·œÌ‰Ì… «·«”·«„Ì… «·Ã“¡ «·√Ê·,Foundation
New Primary Math Foundation- Activity book,Reception
Beyond ABC Softback- without CD,Reception
Workbook 1 (1-4) PK,Reception
My second Rhyming - Activity book,Reception
My Second Reading - Activity book,Reception
My Second Handwriting - Activity book,Reception
My Second Alphabet - Activity book ,Reception
Early years Wordbook,Reception
My First Dictionary ,Reception
Handwriting Practice 2 ,Reception
Arabic WB - Term 1,Reception
Arabic HW - Term 1,Reception
Arabic PB - Term2 ,Reception
Arabic WB - Term 2,Reception
French - B,Reception
Daily Maths - Term 1 ,Reception
Daily Maths - Term 2,Reception
Space- Shape and Measure - Term 1,Reception
Space- Shape and Measure - Term 2,Reception
Towards Solving Sums,Reception
Number Homework,Reception
School Publications ,Reception
